Bib,FirstName,LastName,Wave
1,Sarah,Johnson,A
2,Michael,Chen,A
3,Emma,Rodriguez,A
4,James,Williams,A
5,Jessica,Brown,A
6,David,Martinez,A
7,Ashley,Garcia,A
8,Christopher,Lee,A
9,Amanda,Anderson,A
10,Matthew,Taylor,A
11,Emily,Thomas,A
12,Daniel,Moore,A
13,Lauren,Jackson,A
14,Ryan,White,A
15,Nicole,Harris,A
16,Brandon,Martin,A
17,Samantha,Thompson,A
18,Justin,Martinez,A
19,Rachel,Robinson,A
20,Kevin,Clark,A
21,Megan,Lewis,A
22,Tyler,Walker,A
23,Brittany,Hall,A
24,Jacob,Allen,A
25,Stephanie,Young,A
26,Andrew,Hernandez,A
27,Michelle,King,A
28,Joshua,Wright,A
29,Jennifer,Lopez,A
30,Nicholas,Hill,A
31,Hannah,Scott,A
32,Alexander,Green,A
33,Olivia,Adams,A
34,Ethan,Baker,A
35,Madison,Gonzalez,B
36,William,Nelson,B
37,Sophia,Carter,B
38,Benjamin,Mitchell,B
39,Ava,Perez,B
40,Mason,Roberts,B
41,Isabella,Turner,B
42,Logan,Phillips,B
43,Mia,Campbell,B
44,Lucas,Parker,B
45,Charlotte,Evans,B
46,Noah,Edwards,B
47,Amelia,Collins,B
48,Liam,Stewart,B
49,Harper,Sanchez,B
50,Elijah,Morris,B
51,Evelyn,Rogers,B
52,Oliver,Reed,B
53,Abigail,Cook,B
54,Carter,Morgan,B
55,Emily,Bell,B
56,Jackson,Murphy,B
57,Elizabeth,Bailey,B
58,Aiden,Rivera,B
59,Sofia,Cooper,B
60,Lucas,Richardson,B
61,Avery,Cox,B
62,Grayson,Howard,B
63,Scarlett,Ward,B
64,Jack,Torres,B
65,Grace,Peterson,B
66,Sebastian,Gray,B
67,Chloe,Ramirez,B
68,Henry,James,C
69,Lily,Watson,C
70,Owen,Brooks,C
71,Zoey,Kelly,C
72,Wyatt,Sanders,C
73,Riley,Price,C
74,Dylan,Bennett,C
75,Aria,Wood,C
76,Luke,Barnes,C
77,Layla,Ross,C
78,Gabriel,Henderson,C
79,Nora,Coleman,C
80,Isaac,Jenkins,C
81,Hazel,Perry,C
82,Julian,Powell,C
83,Ellie,Long,C
84,Caleb,Patterson,C
85,Aubrey,Hughes,C
86,Nathan,Flores,C
87,Addison,Washington,C
88,Samuel,Butler,C
89,Bella,Simmons,C
90,Aaron,Foster,C
91,Brooklyn,Gonzales,C
92,Cameron,Bryant,C
93,Claire,Alexander,C
94,Connor,Russell,C
95,Natalie,Griffin,C
96,Dylan,Diaz,C
97,Peyton,Hayes,C
98,Hunter,Myers,C
99,Kaylee,Ford,C
100,Landon,Hamilton,C